variables,values
p_a,0.5454740710881608
p_IH,0.1594196263716346
p_IU,0.03716857867121232
p_HD,0.18806905775109592
p_HU,0.1828277838684877
p_UD,0.3347390286812725
R_0,3.123360724719483
mu,0.024988467118050875
lambda_1,0.0001
t_0,7.0
N,50.0
N_I,10.0
N_H,15.0
N_U,10.0
I_moins_0,5.182768937855971
