variables,values
p_a,0.4812597429349556
p_IH,0.1398235845806364
p_IU,0.03393969901063487
p_HD,0.1750754261566723
p_HU,0.19695509778156076
p_UD,0.2961639704947933
R_0,3.0208018050577112
mu,0.018944358634758504
lambda_1,0.0001
t_0,0.0
N,50.0
N_I,9.0
N_H,16.0
N_U,12.0
I_moins_0,3.510798644063792
