variables,values
p_a,0.8719148559064651
p_IH,0.09162504630026153
p_IU,0.016456575495065833
p_HD,0.14935115308596858
p_HU,0.1637471451526238
p_UD,0.32579686423067855
R_0,3.0910207167388375
mu,0.013451089129654238
lambda_1,0.0001
t_0,11.0
N,44.0
N_I,9.0
N_H,18.0
N_U,12.0
I_moins_0,16.897051030434223
